words,frequency
What,1
is,3
Python,3
language?,1
a,3
widely,1
used,1
"high-level,",1
"general-purpose,",1
"interpreted,",1
dynamic,2
programming,3
language.Its,1
design,1
philosophy,1
emphasizes,1
code,2
"readability,",1
and,6
its,1
syntax,1
allows,1
programmers,1
to,2
express,1
concepts,1
in,2
fewer,1
lines,1
of,1
than,1
possible,1
languages,1
such,1
as,1
C++,1
or,2
Java.,1
supports,1
multiple,1
"paradigms,",1
including,1
"object-oriented,",1
imperative,1
functional,1
procedural,1
styles.,1
It,1
features,1
type,1
system,1
automatic,1
memory,1
management,1
has,1
large,1
comprehensive,1
standard,1
library.The,1
best,1
way,1
we,1
learn,1
anything,1
by,1
practice,1
exercise,1
questions.,1
We,1
have,1
started,1
this,1
section,1
for,1
those,1
(beginner,1
intermediate),1
who,1
are,1
familiar,1
with,1
Python.,1
